onset	duration	trial_type	value	sample
0.0	0.0	resp_hold	2	0
0.0	0.0	resp_hold	2	0
0.0	0.0	resp_hold	2	0
0.0	0.0	resp_hold	2	0
0.0	0.0	resp_hold	2	0
0.0	0.0	resp_hold	2	0
0.0	0.0	resp_hold	2	0
0.0	0.0	resp_hold	2	0
0.0	0.0	resp_hold	2	0
0.0	0.0	resp_hold	2	0
0.0	0.0	resp_hold	2	0
0.0	0.0	resp_hold	2	0
0.0	0.0	resp_hold	2	0
0.0	0.0	resp_hold	2	0
0.0	0.0	resp_hold	2	0
0.0	0.0	resp_hold	2	0
0.0	0.0	resp_hold	2	0
0.0	0.0	resp_hold	2	0
0.0	0.0	resp_hold	2	0
0.0	0.0	resp_hold	2	0
0.0	0.0	resp_hold	2	0
0.0	0.0	resp_hold	2	0
0.0	0.0	resp_hold	2	0
0.0	0.0	resp_hold	2	0
0.0	0.0	resp_hold	2	0
0.0	0.0	resp_hold	2	0
0.0	0.0	resp_hold	2	0
0.0	0.0	resp_hold	2	0
0.0	0.0	resp_hold	2	0
0.0	0.0	resp_release	3	0
0.0	0.0	resp_release	3	0
0.0	0.0	resp_release	3	0
0.0	0.0	resp_release	3	0
0.0	0.0	resp_release	3	0
0.0	0.0	resp_release	3	0
0.0	0.0	resp_release	3	0
0.0	0.0	resp_release	3	0
0.0	0.0	resp_release	3	0
0.0	0.0	resp_release	3	0
0.0	0.0	resp_release	3	0
0.0	0.0	resp_release	3	0
0.0	0.0	resp_release	3	0
0.0	0.0	resp_release	3	0
0.0	0.0	resp_release	3	0
0.0	0.0	resp_release	3	0
0.0	0.0	resp_release	3	0
0.0	0.0	resp_release	3	0
0.0	0.0	resp_release	3	0
0.0	0.0	resp_release	3	0
0.0	0.0	resp_release	3	0
0.0	0.0	resp_release	3	0
0.0	0.0	resp_release	3	0
0.0	0.0	resp_release	3	0
0.0	0.0	resp_release	3	0
0.0	0.0	resp_release	3	0
0.0	0.0	resp_release	3	0
0.0	0.0	resp_release	3	0
0.0	0.0	resp_release	3	0
140.92724609375	0.0	stimulus	1	288619
142.3564453125	0.0	resp_hold	2	291546
147.1005859375	0.0	resp_release	3	301262
152.1484375	0.0	confidence	4	311600
154.2490234375	0.0	stimulus	1	315902
155.572265625	0.0	resp_hold	2	318612
159.5	0.0	resp_release	3	326656
164.53759765625	0.0	confidence	4	336973
166.61083984375	0.0	stimulus	1	341219
168.33203125	0.0	resp_hold	2	344744
171.3798828125	0.0	resp_release	3	350986
176.41748046875	0.0	confidence	4	361303
178.50927734375	0.0	stimulus	1	365587
179.4912109375	0.0	resp_hold	2	367598
182.01953125	0.0	resp_release	3	372776
187.048828125	0.0	confidence	4	383076
189.17724609375	0.0	stimulus	1	387435
190.14697265625	0.0	resp_hold	2	389421
194.9150390625	0.0	resp_release	3	399186
199.943359375	0.0	confidence	4	409484
236.12451171875	0.0	stimulus	1	483583
237.62548828125	0.0	resp_hold	2	486657
240.353515625	0.0	resp_release	3	492244
245.3818359375	0.0	confidence	4	502542
247.49462890625	0.0	stimulus	1	506869
248.92919921875	0.0	resp_hold	2	509807
252.7451171875	0.0	resp_release	3	517622
257.78125	0.0	confidence	4	527936
259.86181640625	0.0	stimulus	1	532197
261.0751953125	0.0	resp_hold	2	534682
265.40087890625	0.0	resp_release	3	543541
270.43994140625	0.0	confidence	4	553861
272.5478515625	0.0	stimulus	1	558178
273.81640625	0.0	resp_hold	2	560776
276.13623046875	0.0	resp_release	3	565527
281.166015625	0.0	confidence	4	575828
283.244140625	0.0	stimulus	1	580084
284.16015625	0.0	resp_hold	2	581960
288.81591796875	0.0	resp_release	3	591495
293.8642578125	0.0	confidence	4	601834
295.94140625	0.0	stimulus	1	606088
297.759765625	0.0	resp_hold	2	609812
298.9677734375	0.0	resp_release	3	612286
303.99951171875	0.0	confidence	4	622591
306.0947265625	0.0	stimulus	1	626882
307.37548828125	0.0	resp_hold	2	629505
310.51904296875	0.0	resp_release	3	635943
315.556640625	0.0	confidence	4	646260
338.12939453125	0.0	stimulus	1	692489
338.9345703125	0.0	resp_hold	2	694138
342.0380859375	0.0	resp_release	3	700494
347.06982421875	0.0	confidence	4	710799
349.19189453125	0.0	stimulus	1	715145
350.2939453125	0.0	resp_hold	2	717402
353.39013671875	0.0	resp_release	3	723743
358.42236328125	0.0	confidence	4	734049
360.533203125	0.0	stimulus	1	738372
361.765625	0.0	resp_hold	2	740896
368.30322265625	0.0	resp_release	3	754285
373.3330078125	0.0	confidence	4	764586
375.46044921875	0.0	stimulus	1	768943
376.5654296875	0.0	resp_hold	2	771206
380.88525390625	0.0	resp_release	3	780053
385.921875	0.0	confidence	4	790368
388.00830078125	0.0	stimulus	1	794641
389.55712890625	0.0	resp_hold	2	797813
392.19677734375	0.0	resp_release	3	803219
397.22705078125	0.0	confidence	4	813521
399.31005859375	0.0	stimulus	1	817787
401.96435546875	0.0	resp_hold	2	823223
405.7802734375	0.0	resp_release	3	831038
410.81298828125	0.0	confidence	4	841345
432.9345703125	0.0	stimulus	1	886650
434.3154296875	0.0	resp_hold	2	889478
437.4833984375	0.0	resp_release	3	895966
442.51953125	0.0	confidence	4	906280
444.6455078125	0.0	stimulus	1	910634
446.283203125	0.0	resp_hold	2	913988
451.10693359375	0.0	resp_release	3	923867
456.13818359375	0.0	confidence	4	934171
458.236328125	0.0	stimulus	1	938468
460.138671875	0.0	resp_hold	2	942364
461.32275390625	0.0	resp_release	3	944789
466.35791015625	0.0	confidence	4	955101
468.4482421875	0.0	stimulus	1	959382
470.0341796875	0.0	resp_hold	2	962630
475.56982421875	0.0	resp_release	3	973967
480.59814453125	0.0	confidence	4	984265
482.67724609375	0.0	stimulus	1	988523
483.72998046875	0.0	resp_hold	2	990679
491.88134765625	0.0	resp_release	3	1007373
496.9130859375	0.0	confidence	4	1017678
517.99560546875	0.0	stimulus	1	1060855
519.05712890625	0.0	resp_hold	2	1063029
523.6962890625	0.0	resp_release	3	1072530
528.724609375	0.0	confidence	4	1082828
530.82373046875	0.0	stimulus	1	1087127
531.92822265625	0.0	resp_hold	2	1089389
537.01611328125	0.0	resp_release	3	1099809
542.0537109375	0.0	confidence	4	1110126
544.140625	0.0	stimulus	1	1114400
545.5859375	0.0	resp_hold	2	1117360
546.919921875	0.0	resp_release	3	1120092
551.96044921875	0.0	confidence	4	1130415
554.03857421875	0.0	stimulus	1	1134671
555.64794921875	0.0	resp_hold	2	1137967
558.951171875	0.0	resp_release	3	1144732
563.97216796875	0.0	confidence	4	1155015
584.2841796875	0.0	stimulus	1	1196614
585.63037109375	0.0	resp_hold	2	1199371
588.54248046875	0.0	resp_release	3	1205335
593.57958984375	0.0	confidence	4	1215651
595.6591796875	0.0	stimulus	1	1219910
596.83837890625	0.0	resp_hold	2	1222325
598.9580078125	0.0	resp_release	3	1226666
604.00244140625	0.0	confidence	4	1236997
606.099609375	0.0	stimulus	1	1241292
607.173828125	0.0	resp_hold	2	1243492
608.98193359375	0.0	resp_release	3	1247195
614.0126953125	0.0	confidence	4	1257498
616.140625	0.0	stimulus	1	1261856
617.49365234375	0.0	resp_hold	2	1264627
620.90966796875	0.0	resp_release	3	1271623
637.38720703125	0.0	confidence	4	1305369
639.49658203125	0.0	stimulus	1	1309689
640.93310546875	0.0	resp_hold	2	1312631
646.9326171875	0.0	resp_release	3	1324918
651.96337890625	0.0	confidence	4	1335221
654.0888671875	0.0	stimulus	1	1339574
655.62841796875	0.0	resp_hold	2	1342727
656.70068359375	0.0	resp_release	3	1344923
661.7294921875	0.0	confidence	4	1355222
684.23388671875	0.0	stimulus	1	1401311
685.09130859375	0.0	resp_hold	2	1403067
688.35498046875	0.0	resp_release	3	1409751
693.38427734375	0.0	confidence	4	1420051
695.52197265625	0.0	stimulus	1	1424429
697.291015625	0.0	resp_hold	2	1428052
700.61865234375	0.0	resp_release	3	1434867
705.6474609375	0.0	confidence	4	1445166
707.73974609375	0.0	stimulus	1	1449451
708.794921875	0.0	resp_hold	2	1451612
713.49853515625	0.0	resp_release	3	1461245
718.52587890625	0.0	confidence	4	1471541
720.60546875	0.0	stimulus	1	1475800
721.8662109375	0.0	resp_hold	2	1478382
730.02587890625	0.0	resp_release	3	1495093
735.0634765625	0.0	confidence	4	1505410
757.62109375	0.0	stimulus	1	1551608
758.193359375	0.0	resp_hold	2	1552780
761.5048828125	0.0	resp_release	3	1559562
766.5458984375	0.0	confidence	4	1569886
768.6259765625	0.0	stimulus	1	1574146
770.24072265625	0.0	resp_hold	2	1577453
772.61669921875	0.0	resp_release	3	1582319
777.64404296875	0.0	confidence	4	1592615
779.728515625	0.0	stimulus	1	1596884
780.65625	0.0	resp_hold	2	1598784
783.232421875	0.0	resp_release	3	1604060
788.26806640625	0.0	confidence	4	1614373
790.388671875	0.0	stimulus	1	1618716
791.576171875	0.0	resp_hold	2	1621148
796.095703125	0.0	resp_release	3	1630404
801.12890625	0.0	confidence	4	1640712
803.1982421875	0.0	stimulus	1	1644950
804.27978515625	0.0	resp_hold	2	1647165
806.2236328125	0.0	resp_release	3	1651146
811.255859375	0.0	confidence	4	1661452
813.369140625	0.0	stimulus	1	1665780
814.3037109375	0.0	resp_hold	2	1667694
816.951171875	0.0	resp_release	3	1673116
821.9794921875	0.0	confidence	4	1683414
824.05859375	0.0	stimulus	1	1687672
824.81494140625	0.0	resp_hold	2	1689221
825.9267578125	0.0	resp_release	3	1691498
830.95556640625	0.0	confidence	4	1701797
834.18701171875	0.0	stimulus	1	1708415
835.126953125	0.0	resp_hold	2	1710340
838.486328125	0.0	resp_release	3	1717220
843.52001953125	0.0	confidence	4	1727529
912.2802734375	0.0	stimulus	1	1868350
912.93212890625	0.0	resp_hold	2	1869685
916.69189453125	0.0	resp_release	3	1877385
921.7294921875	0.0	confidence	4	1887702
923.80322265625	0.0	stimulus	1	1891949
924.73193359375	0.0	resp_hold	2	1893851
931.71533203125	0.0	resp_release	3	1908153
936.73974609375	0.0	confidence	4	1918443
938.81884765625	0.0	stimulus	1	1922701
939.763671875	0.0	resp_hold	2	1924636
942.38720703125	0.0	resp_release	3	1930009
947.4130859375	0.0	confidence	4	1940302
949.51171875	0.0	stimulus	1	1944600
950.86865234375	0.0	resp_hold	2	1947379
958.03466796875	0.0	resp_release	3	1962055
963.06396484375	0.0	confidence	4	1972355
965.15234375	0.0	stimulus	1	1976632
966.30615234375	0.0	resp_hold	2	1978995
968.1064453125	0.0	resp_release	3	1982682
973.1435546875	0.0	confidence	4	1992998
975.22802734375	0.0	stimulus	1	1997267
976.833984375	0.0	resp_hold	2	2000556
978.009765625	0.0	resp_release	3	2002964
983.0390625	0.0	confidence	4	2013264
985.146484375	0.0	stimulus	1	2017580
987.15185546875	0.0	confidence	4	2021687
987.2197265625	0.0	stimulus	1	2021826
989.22900390625	0.0	confidence	4	2025941
1008.34521484375	0.0	stimulus	1	2065091
1009.0654296875	0.0	resp_hold	2	2066566
1010.93701171875	0.0	resp_release	3	2070399
1015.9755859375	0.0	confidence	4	2080718
1018.052734375	0.0	stimulus	1	2084972
1019.2568359375	0.0	resp_hold	2	2087438
1021.56884765625	0.0	resp_release	3	2092173
1026.603515625	0.0	confidence	4	2102484
1028.6865234375	0.0	stimulus	1	2106750
1029.95263671875	0.0	resp_hold	2	2109343
1031.15234375	0.0	resp_release	3	2111800
1036.18212890625	0.0	confidence	4	2122101
1038.27197265625	0.0	stimulus	1	2126381
1039.16064453125	0.0	resp_hold	2	2128201
1042.248046875	0.0	resp_release	3	2134524
1047.287109375	0.0	confidence	4	2144844
1049.3671875	0.0	stimulus	1	2149104
1050.583984375	0.0	resp_hold	2	2151596
1054.8876953125	0.0	resp_release	3	2160410
1059.92041015625	0.0	confidence	4	2170717
1062.01171875	0.0	stimulus	1	2175000
1063.61572265625	0.0	resp_hold	2	2178285
1067.103515625	0.0	resp_release	3	2185428
1072.14404296875	0.0	confidence	4	2195751
1074.244140625	0.0	stimulus	1	2200052
1076.23974609375	0.0	resp_hold	2	2204139
1081.623046875	0.0	resp_release	3	2215164
1086.6591796875	0.0	confidence	4	2225478
1088.76123046875	0.0	stimulus	1	2229783
1090.03857421875	0.0	resp_hold	2	2232399
1093.85498046875	0.0	resp_release	3	2240215
1098.884765625	0.0	confidence	4	2250516
1119.9189453125	0.0	stimulus	1	2293594
1121.28564453125	0.0	resp_hold	2	2296393
1123.42138671875	0.0	resp_release	3	2300767
1128.453125	0.0	confidence	4	2311072
1130.56787109375	0.0	stimulus	1	2315403
1131.607421875	0.0	resp_hold	2	2317532
1136.37548828125	0.0	resp_release	3	2327297
1141.416015625	0.0	confidence	4	2337620
1143.51416015625	0.0	stimulus	1	2341917
1144.98095703125	0.0	resp_hold	2	2344921
1147.12451171875	0.0	resp_release	3	2349311
1152.162109375	0.0	confidence	4	2359628
1171.845703125	0.0	stimulus	1	2399940
1172.38818359375	0.0	resp_hold	2	2401051
1174.427734375	0.0	resp_release	3	2405228
1179.46142578125	0.0	confidence	4	2415537
1181.5478515625	0.0	stimulus	1	2419810
1182.45947265625	0.0	resp_hold	2	2421677
1183.58740234375	0.0	resp_release	3	2423987
1188.6171875	0.0	confidence	4	2434288
1190.7001953125	0.0	stimulus	1	2438554
1191.451171875	0.0	resp_hold	2	2440092
1198.4189453125	0.0	resp_release	3	2454362
1203.4501953125	0.0	confidence	4	2464666
1205.5419921875	0.0	stimulus	1	2468950
1206.32275390625	0.0	resp_hold	2	2470549
1209.4267578125	0.0	resp_release	3	2476906
1214.46142578125	0.0	confidence	4	2487217
1216.5458984375	0.0	stimulus	1	2491486
1217.658203125	0.0	resp_hold	2	2493764
1218.7783203125	0.0	resp_release	3	2496058
1223.8076171875	0.0	confidence	4	2506358
1244.41943359375	0.0	stimulus	1	2548571
1245.4658203125	0.0	resp_hold	2	2550714
1251.193359375	0.0	resp_release	3	2562444
1256.22607421875	0.0	confidence	4	2572751
1258.36669921875	0.0	stimulus	1	2577135
1259.5849609375	0.0	resp_hold	2	2579630
1264.1767578125	0.0	resp_release	3	2589034
1269.205078125	0.0	confidence	4	2599332
1271.2939453125	0.0	stimulus	1	2603610
1272.376953125	0.0	resp_hold	2	2605828
1275.23291015625	0.0	resp_release	3	2611677
1280.26171875	0.0	confidence	4	2621976
1307.77880859375	0.0	stimulus	1	2678331
1308.6396484375	0.0	resp_hold	2	2680094
1310.775390625	0.0	resp_release	3	2684468
1315.80712890625	0.0	confidence	4	2694773
1317.90478515625	0.0	stimulus	1	2699069
1318.75927734375	0.0	resp_hold	2	2700819
1321.455078125	0.0	resp_release	3	2706340
1326.490234375	0.0	confidence	4	2716652
1328.599609375	0.0	stimulus	1	2720972
1329.27099609375	0.0	resp_hold	2	2722347
1333.22265625	0.0	resp_release	3	2730440
1338.24609375	0.0	confidence	4	2740728
1340.337890625	0.0	stimulus	1	2745012
1341.28662109375	0.0	resp_hold	2	2746955
1344.4462890625	0.0	resp_release	3	2753426
1349.4755859375	0.0	confidence	4	2763726
1351.53369140625	0.0	stimulus	1	2767941
1352.76611328125	0.0	resp_hold	2	2770465
1354.326171875	0.0	resp_release	3	2773660
1359.35400390625	0.0	confidence	4	2783957
1388.31298828125	0.0	stimulus	1	2843265
1389.2529296875	0.0	resp_hold	2	2845190
1391.7490234375	0.0	resp_release	3	2850302
1396.787109375	0.0	confidence	4	2860620
1398.86962890625	0.0	stimulus	1	2864885
1400.140625	0.0	resp_hold	2	2867488
1405.32421875	0.0	resp_release	3	2878104
1410.365234375	0.0	confidence	4	2888428
1412.4541015625	0.0	stimulus	1	2892706
1413.26025390625	0.0	resp_hold	2	2894357
1419.05224609375	0.0	resp_release	3	2906219
1424.1005859375	0.0	confidence	4	2916558
1426.19287109375	0.0	stimulus	1	2920843
1427.03564453125	0.0	resp_hold	2	2922569
1428.515625	0.0	resp_release	3	2925600
1433.5546875	0.0	confidence	4	2935920
1435.74365234375	0.0	stimulus	1	2940403
1436.74755859375	0.0	resp_hold	2	2942459
1440.55517578125	0.0	resp_release	3	2950257
1445.59619140625	0.0	confidence	4	2960581
1447.68603515625	0.0	stimulus	1	2964861
1448.955078125	0.0	resp_hold	2	2967460
1455.3388671875	0.0	resp_release	3	2980534
1460.36669921875	0.0	confidence	4	2990831
1462.5009765625	0.0	stimulus	1	2995202
1463.5625	0.0	resp_hold	2	2997376
1468.37841796875	0.0	resp_release	3	3007239
1473.40380859375	0.0	confidence	4	3017531
1475.49267578125	0.0	stimulus	1	3021809
1476.41845703125	0.0	resp_hold	2	3023705
1477.21826171875	0.0	resp_release	3	3025343
1482.2421875	0.0	confidence	4	3035632
1503.12158203125	0.0	stimulus	1	3078393
1503.77734375	0.0	resp_hold	2	3079736
1508.06494140625	0.0	resp_release	3	3088517
1513.1103515625	0.0	confidence	4	3098850
1515.20458984375	0.0	stimulus	1	3103139
1516.4091796875	0.0	resp_hold	2	3105606
1518.02490234375	0.0	resp_release	3	3108915
1523.0537109375	0.0	confidence	4	3119214
1525.1416015625	0.0	stimulus	1	3123490
1526.46484375	0.0	resp_hold	2	3126200
1527.80859375	0.0	resp_release	3	3128952
1532.84814453125	0.0	confidence	4	3139273
1534.94580078125	0.0	stimulus	1	3143569
1536.04833984375	0.0	resp_hold	2	3145827
1540.30419921875	0.0	resp_release	3	3154543
1545.34228515625	0.0	confidence	4	3164861
1547.4365234375	0.0	stimulus	1	3169150
1548.27197265625	0.0	resp_hold	2	3170861
1550.583984375	0.0	resp_release	3	3175596
1555.61328125	0.0	confidence	4	3185896
1593.35302734375	0.0	stimulus	1	3263187
1595.04638671875	0.0	resp_hold	2	3266655
1599.8701171875	0.0	resp_release	3	3276534
1604.90771484375	0.0	confidence	4	3286851
1606.98583984375	0.0	stimulus	1	3291107
1608.33447265625	0.0	resp_hold	2	3293869
1613.7177734375	0.0	resp_release	3	3304894
1618.75634765625	0.0	confidence	4	3315213
1620.84912109375	0.0	stimulus	1	3319499
1622.16552734375	0.0	resp_hold	2	3322195
1624.189453125	0.0	resp_release	3	3326340
1629.21923828125	0.0	confidence	4	3336641
1631.3037109375	0.0	stimulus	1	3340910
1632.09326171875	0.0	resp_hold	2	3342527
1633.89306640625	0.0	resp_release	3	3346213
1638.91650390625	0.0	confidence	4	3356501
1641.01171875	0.0	stimulus	1	3360792
1641.7646484375	0.0	resp_hold	2	3362334
1644.73291015625	0.0	resp_release	3	3368413
1649.7568359375	0.0	confidence	4	3378702
1651.8359375	0.0	stimulus	1	3382960
1652.83056640625	0.0	resp_hold	2	3384997
1653.4921875	0.0	resp_release	3	3386352
1658.5322265625	0.0	confidence	4	3396674
1684.9599609375	0.0	stimulus	1	3450798
1686.92333984375	0.0	resp_hold	2	3454819
1689.56298828125	0.0	resp_release	3	3460225
1694.59228515625	0.0	confidence	4	3470525
1696.67919921875	0.0	stimulus	1	3474799
1697.97900390625	0.0	resp_hold	2	3477461
1700.8828125	0.0	resp_release	3	3483408
1705.91748046875	0.0	confidence	4	3493719
1708.01318359375	0.0	stimulus	1	3498011
1708.90673828125	0.0	resp_hold	2	3499841
1710.04296875	0.0	resp_release	3	3502168
1715.07080078125	0.0	confidence	4	3512465
1717.16552734375	0.0	stimulus	1	3516755
1717.7861328125	0.0	resp_hold	2	3518026
1721.8662109375	0.0	resp_release	3	3526382
1726.91455078125	0.0	confidence	4	3536721
1728.994140625	0.0	stimulus	1	3540980
1730.4501953125	0.0	resp_hold	2	3543962
1731.73779296875	0.0	resp_release	3	3546599
1736.76806640625	0.0	confidence	4	3556901
1738.84716796875	0.0	stimulus	1	3561159
1739.94580078125	0.0	resp_hold	2	3563409
1745.3857421875	0.0	resp_release	3	3574550
1750.4150390625	0.0	confidence	4	3584850
1752.533203125	0.0	stimulus	1	3589188
1753.37939453125	0.0	resp_hold	2	3590921
1754.625	0.0	resp_release	3	3593472
1759.65478515625	0.0	confidence	4	3603773
1761.740234375	0.0	stimulus	1	3608044
1762.43310546875	0.0	resp_hold	2	3609463
1764.0888671875	0.0	resp_release	3	3612854
1769.12646484375	0.0	confidence	4	3623171
1771.20703125	0.0	stimulus	1	3627432
1772.11279296875	0.0	resp_hold	2	3629287
1774.560546875	0.0	resp_release	3	3634300
1779.59912109375	0.0	confidence	4	3644619
1781.673828125	0.0	stimulus	1	3648868
1783.67822265625	0.0	confidence	4	3652973
1804.07958984375	0.0	stimulus	1	3694755
1804.6318359375	0.0	resp_hold	2	3695886
1806.8740234375	0.0	resp_release	3	3700478
1811.90625	0.0	confidence	4	3710784
1813.98828125	0.0	stimulus	1	3715048
1814.79150390625	0.0	resp_hold	2	3716693
1817.46337890625	0.0	resp_release	3	3722165
1822.50048828125	0.0	confidence	4	3732481
1824.59716796875	0.0	stimulus	1	3736775
1825.615234375	0.0	resp_hold	2	3738860
1827.3828125	0.0	resp_release	3	3742480
1832.41796875	0.0	confidence	4	3752792
1834.51708984375	0.0	stimulus	1	3757091
1835.390625	0.0	resp_hold	2	3758880
1836.638671875	0.0	resp_release	3	3761436
1841.666015625	0.0	confidence	4	3771732
1843.7490234375	0.0	stimulus	1	3775998
1844.92626953125	0.0	resp_hold	2	3778409
1846.0703125	0.0	resp_release	3	3780752
1851.1005859375	0.0	confidence	4	3791054
1882.666015625	0.0	stimulus	1	3855700
1884.1650390625	0.0	resp_hold	2	3858770
1886.716796875	0.0	resp_release	3	3863996
1891.744140625	0.0	confidence	4	3874292
1893.826171875	0.0	stimulus	1	3878556
1894.796875	0.0	resp_hold	2	3880544
1897.548828125	0.0	resp_release	3	3886180
1902.56640625	0.0	confidence	4	3896456
1904.63232421875	0.0	stimulus	1	3900687
1905.46826171875	0.0	resp_hold	2	3902399
1907.8681640625	0.0	resp_release	3	3907314
1912.89306640625	0.0	confidence	4	3917605
1933.216796875	0.0	stimulus	1	3959228
1933.8916015625	0.0	resp_hold	2	3960610
1936.53955078125	0.0	resp_release	3	3966033
1941.576171875	0.0	confidence	4	3976348
1943.64404296875	0.0	stimulus	1	3980583
1944.203125	0.0	resp_hold	2	3981728
1945.75537109375	0.0	resp_release	3	3984907
1950.78369140625	0.0	confidence	4	3995205
1952.8828125	0.0	stimulus	1	3999504
1953.7333984375	0.0	resp_hold	2	4001246
1955.38671875	0.0	resp_release	3	4004632
1960.42138671875	0.0	confidence	4	4014943
1987.0263671875	0.0	stimulus	1	4069430
1987.673828125	0.0	resp_hold	2	4070756
1990.56982421875	0.0	resp_release	3	4076687
1995.6064453125	0.0	confidence	4	4087002
1997.70361328125	0.0	stimulus	1	4091297
1999.033203125	0.0	resp_hold	2	4094020
2000.46533203125	0.0	resp_release	3	4096953
2005.49560546875	0.0	confidence	4	4107255
2007.5888671875	0.0	stimulus	1	4111542
2008.208984375	0.0	resp_hold	2	4112812
2010.29736328125	0.0	resp_release	3	4117089
2015.328125	0.0	confidence	4	4127392
2034.1083984375	0.0	stimulus	1	4165854
2034.810546875	0.0	resp_hold	2	4167292
2038.0478515625	0.0	resp_release	3	4173922
2043.07275390625	0.0	confidence	4	4184213
2045.1552734375	0.0	stimulus	1	4188478
2046.0341796875	0.0	resp_hold	2	4190278
2048.3837890625	0.0	resp_release	3	4195090
2053.41650390625	0.0	confidence	4	4205397
2055.494140625	0.0	stimulus	1	4209652
2056.43994140625	0.0	resp_hold	2	4211589
2059.32763671875	0.0	resp_release	3	4217503
2064.345703125	0.0	confidence	4	4227780
2066.431640625	0.0	stimulus	1	4232052
2067.29736328125	0.0	resp_hold	2	4233825
2069.3349609375	0.0	resp_release	3	4237998
2074.37060546875	0.0	confidence	4	4248311
2076.4619140625	0.0	stimulus	1	4252594
2077.65478515625	0.0	resp_hold	2	4255037
2078.34521484375	0.0	resp_release	3	4256451
2083.37109375	0.0	confidence	4	4266744
2085.4482421875	0.0	stimulus	1	4270998
2087.45458984375	0.0	confidence	4	4275107
2087.525390625	0.0	stimulus	1	4275252
2089.53515625	0.0	confidence	4	4279368
2089.6015625	0.0	stimulus	1	4279504
2091.6083984375	0.0	confidence	4	4283614
2109.06298828125	0.0	stimulus	1	4319361
2109.55810546875	0.0	resp_hold	2	4320375
2112.78173828125	0.0	resp_release	3	4326977
2117.82470703125	0.0	confidence	4	4337305
2119.8955078125	0.0	stimulus	1	4341546
2120.7978515625	0.0	resp_hold	2	4343394
2122.181640625	0.0	resp_release	3	4346228
2127.208984375	0.0	confidence	4	4356524
2129.2890625	0.0	stimulus	1	4360784
2130.021484375	0.0	resp_hold	2	4362284
2133.0771484375	0.0	resp_release	3	4368542
2138.1064453125	0.0	confidence	4	4378842
2140.18798828125	0.0	stimulus	1	4383105
2141.15673828125	0.0	resp_hold	2	4385089
2142.2529296875	0.0	resp_release	3	4387334
2147.28369140625	0.0	confidence	4	4397637
2149.423828125	0.0	stimulus	1	4402020
2151.140625	0.0	resp_hold	2	4405536
2152.48486328125	0.0	resp_release	3	4408289
2157.5224609375	0.0	confidence	4	4418606
2159.61083984375	0.0	stimulus	1	4422883
2160.7802734375	0.0	resp_hold	2	4425278
2164.171875	0.0	resp_release	3	4432224
2169.20556640625	0.0	confidence	4	4442533
2171.3046875	0.0	stimulus	1	4446832
2172.9482421875	0.0	resp_hold	2	4450198
2176.2197265625	0.0	resp_release	3	4456898
2181.25244140625	0.0	confidence	4	4467205
2210.875	0.0	stimulus	1	4527872
2211.8828125	0.0	resp_hold	2	4529936
2214.88232421875	0.0	resp_release	3	4536079
2219.9111328125	0.0	confidence	4	4546378
2222.04443359375	0.0	stimulus	1	4550747
2223.04248046875	0.0	resp_hold	2	4552791
2224.41796875	0.0	resp_release	3	4555608
2229.44580078125	0.0	confidence	4	4565905
2231.578125	0.0	stimulus	1	4570272
2232.74609375	0.0	resp_hold	2	4572664
2233.994140625	0.0	resp_release	3	4575220
2239.02392578125	0.0	confidence	4	4585521
2241.10888671875	0.0	stimulus	1	4589791
2241.90576171875	0.0	resp_hold	2	4591423
2243.345703125	0.0	resp_release	3	4594372
2248.37646484375	0.0	confidence	4	4604675
2272.26220703125	0.0	stimulus	1	4653593
2272.77880859375	0.0	resp_hold	2	4654651
2274.24072265625	0.0	resp_release	3	4657645
2279.26318359375	0.0	confidence	4	4667931
2281.35009765625	0.0	stimulus	1	4672205
2281.9521484375	0.0	resp_hold	2	4673438
2284.6884765625	0.0	resp_release	3	4679042
2289.72607421875	0.0	confidence	4	4689359
2291.84130859375	0.0	stimulus	1	4693691
2292.93603515625	0.0	resp_hold	2	4695933
2295.751953125	0.0	resp_release	3	4701700
2300.77978515625	0.0	confidence	4	4711997
2302.86181640625	0.0	stimulus	1	4716261
2303.919921875	0.0	resp_hold	2	4718428
2304.7197265625	0.0	resp_release	3	4720066
2309.75537109375	0.0	confidence	4	4730379
2311.81640625	0.0	stimulus	1	4734600
2312.6396484375	0.0	resp_hold	2	4736286
2313.39111328125	0.0	resp_release	3	4737825
2318.42919921875	0.0	confidence	4	4748143
2320.51025390625	0.0	stimulus	1	4752405
2321.92724609375	0.0	resp_hold	2	4755307
2324.8310546875	0.0	resp_release	3	4761254
2329.85986328125	0.0	confidence	4	4771553
2349.685546875	0.0	stimulus	1	4812156
2350.24609375	0.0	resp_hold	2	4813304
2352.7822265625	0.0	resp_release	3	4818498
2357.82177734375	0.0	confidence	4	4828819
2359.91162109375	0.0	stimulus	1	4833099
2360.9677734375	0.0	resp_hold	2	4835262
2363.93359375	0.0	resp_release	3	4841336
2368.9609375	0.0	confidence	4	4851632
2371.08349609375	0.0	stimulus	1	4855979
2372.271484375	0.0	resp_hold	2	4858412
2374.07763671875	0.0	resp_release	3	4862111
2379.11279296875	0.0	confidence	4	4872423
2381.2216796875	0.0	stimulus	1	4876742
2382.6689453125	0.0	resp_hold	2	4879706
2385.01318359375	0.0	resp_release	3	4884507
2390.0595703125	0.0	confidence	4	4894842
2392.15283203125	0.0	stimulus	1	4899129
2392.8525390625	0.0	resp_hold	2	4900562
2397.052734375	0.0	resp_release	3	4909164
2402.08447265625	0.0	confidence	4	4919469
2404.16748046875	0.0	stimulus	1	4923735
2405.1884765625	0.0	resp_hold	2	4925826
2408.6123046875	0.0	resp_release	3	4932838
2413.646484375	0.0	confidence	4	4943148
2432.947265625	0.0	stimulus	1	4982676
2433.4755859375	0.0	resp_hold	2	4983758
2434.35546875	0.0	resp_release	3	4985560
2439.3828125	0.0	confidence	4	4995856
2441.47705078125	0.0	stimulus	1	5000145
2442.1552734375	0.0	resp_hold	2	5001534
2443.546875	0.0	resp_release	3	5004384
2448.58349609375	0.0	confidence	4	5014699
2450.6640625	0.0	stimulus	1	5018960
2451.62890625	0.0	resp_hold	2	5020936
2452.98681640625	0.0	resp_release	3	5023717
2458.017578125	0.0	confidence	4	5034020
2460.111328125	0.0	stimulus	1	5038308
2460.86669921875	0.0	resp_hold	2	5039855
2462.3466796875	0.0	resp_release	3	5042886
2467.38037109375	0.0	confidence	4	5053195
2469.49755859375	0.0	stimulus	1	5057531
2470.1064453125	0.0	resp_hold	2	5058778
2473.314453125	0.0	resp_release	3	5065348
2478.34375	0.0	confidence	4	5075648
2497.95166015625	0.0	stimulus	1	5115805
2498.59326171875	0.0	resp_hold	2	5117119
2503.0732421875	0.0	resp_release	3	5126294
2508.10205078125	0.0	confidence	4	5136593
2510.18359375	0.0	stimulus	1	5140856
2511.384765625	0.0	resp_hold	2	5143316
2512.6728515625	0.0	resp_release	3	5145954
2517.70849609375	0.0	confidence	4	5156267
2519.77099609375	0.0	stimulus	1	5160491
2520.720703125	0.0	resp_hold	2	5162436
2522.71240234375	0.0	resp_release	3	5166515
2527.7431640625	0.0	confidence	4	5176818
2529.81982421875	0.0	stimulus	1	5181071
2530.3466796875	0.0	resp_hold	2	5182150
2531.68017578125	0.0	resp_release	3	5184881
2536.71728515625	0.0	confidence	4	5195197
2538.822265625	0.0	stimulus	1	5199508
2539.6318359375	0.0	resp_hold	2	5201166
2541.06396484375	0.0	resp_release	3	5204099
2546.09521484375	0.0	confidence	4	5214403
2548.17578125	0.0	stimulus	1	5218664
2548.919921875	0.0	resp_hold	2	5220188
2550.7275390625	0.0	resp_release	3	5223890
2555.76513671875	0.0	confidence	4	5234207
2576.1240234375	0.0	stimulus	1	5275902
2576.75146484375	0.0	resp_hold	2	5277187
2579.0947265625	0.0	resp_release	3	5281986
2584.13525390625	0.0	confidence	4	5292309
2586.220703125	0.0	stimulus	1	5296580
2586.99853515625	0.0	resp_hold	2	5298173
2588.134765625	0.0	resp_release	3	5300500
2593.1650390625	0.0	confidence	4	5310802
2595.25244140625	0.0	stimulus	1	5315077
2595.822265625	0.0	resp_hold	2	5316244
2598.2783203125	0.0	resp_release	3	5321274
2603.31591796875	0.0	confidence	4	5331591
2605.39208984375	0.0	stimulus	1	5335843
2606.7978515625	0.0	resp_hold	2	5338722
2608.06201171875	0.0	resp_release	3	5341311
2613.09814453125	0.0	confidence	4	5351625
2615.1845703125	0.0	stimulus	1	5355898
2616.2138671875	0.0	resp_hold	2	5358006
2617.65380859375	0.0	resp_release	3	5360955
2622.68505859375	0.0	confidence	4	5371259
2624.76806640625	0.0	stimulus	1	5375525
2626.79150390625	0.0	confidence	4	5379669
2626.8662109375	0.0	stimulus	1	5379822
2628.87109375	0.0	confidence	4	5383928
2628.93359375	0.0	stimulus	1	5384056
2630.9404296875	0.0	confidence	4	5388166
2650.01953125	0.0	stimulus	1	5427240
2650.90869140625	0.0	resp_hold	2	5429061
2651.7802734375	0.0	resp_release	3	5430846
2656.81884765625	0.0	confidence	4	5441165
2658.89599609375	0.0	stimulus	1	5445419
2659.58056640625	0.0	resp_hold	2	5446821
2661.54833984375	0.0	resp_release	3	5450851
2666.58349609375	0.0	confidence	4	5461163
2668.6845703125	0.0	stimulus	1	5465466
2669.30810546875	0.0	resp_hold	2	5466743
2671.5400390625	0.0	resp_release	3	5471314
2676.576171875	0.0	confidence	4	5481628
2678.6650390625	0.0	stimulus	1	5485906
2679.32373046875	0.0	resp_hold	2	5487255
2680.32373046875	0.0	resp_release	3	5489303
2685.36376953125	0.0	confidence	4	5499625
2687.45654296875	0.0	stimulus	1	5503911
2688.3955078125	0.0	resp_hold	2	5505834
2689.3232421875	0.0	resp_release	3	5507734
2694.35107421875	0.0	confidence	4	5518031
2696.439453125	0.0	stimulus	1	5522308
2697.25927734375	0.0	resp_hold	2	5523987
2698.138671875	0.0	resp_release	3	5525788
2703.17919921875	0.0	confidence	4	5536111
2705.26904296875	0.0	stimulus	1	5540391
2706.39501953125	0.0	resp_hold	2	5542697
2711.7626953125	0.0	resp_release	3	5553690
2716.7978515625	0.0	confidence	4	5564002
2736.1376953125	0.0	stimulus	1	5603610
2736.85791015625	0.0	resp_hold	2	5605085
2739.921875	0.0	resp_release	3	5611360
2744.953125	0.0	confidence	4	5621664
2747.0361328125	0.0	stimulus	1	5625930
2747.73974609375	0.0	resp_hold	2	5627371
2750.00146484375	0.0	resp_release	3	5632003
2755.04052734375	0.0	confidence	4	5642323
2757.13232421875	0.0	stimulus	1	5646607
2757.78759765625	0.0	resp_hold	2	5647949
2761.9609375	0.0	resp_release	3	5656496
2767.0	0.0	confidence	4	5666816
2792.70068359375	0.0	stimulus	1	5719451
2793.51220703125	0.0	resp_hold	2	5721113
2796.6396484375	0.0	resp_release	3	5727518
2801.671875	0.0	confidence	4	5737824
2803.74951171875	0.0	stimulus	1	5742079
2804.431640625	0.0	resp_hold	2	5743476
2805.78369140625	0.0	resp_release	3	5746245
2810.81884765625	0.0	confidence	4	5756557
2812.91748046875	0.0	stimulus	1	5760855
2813.75146484375	0.0	resp_hold	2	5762563
2816.623046875	0.0	resp_release	3	5768444
2821.65478515625	0.0	confidence	4	5778749
2823.71875	0.0	stimulus	1	5782976
2824.375	0.0	resp_hold	2	5784320
2827.07080078125	0.0	resp_release	3	5789841
2832.1015625	0.0	confidence	4	5800144
2834.1875	0.0	stimulus	1	5804416
2834.75048828125	0.0	resp_hold	2	5805569
2836.49462890625	0.0	resp_release	3	5809141
2841.53125	0.0	confidence	4	5819456
2843.60986328125	0.0	stimulus	1	5823713
2845.61767578125	0.0	confidence	4	5827825
2845.67822265625	0.0	stimulus	1	5827949
2847.681640625	0.0	confidence	4	5832052
2864.81396484375	0.0	stimulus	1	5867139
2866.173828125	0.0	resp_hold	2	5869924
2869.94140625	0.0	resp_release	3	5877640
2874.98291015625	0.0	confidence	4	5887965
2877.08154296875	0.0	stimulus	1	5892263
2878.05322265625	0.0	resp_hold	2	5894253
2879.38134765625	0.0	resp_release	3	5896973
2884.41650390625	0.0	confidence	4	5907285
2886.5048828125	0.0	stimulus	1	5911562
2887.54931640625	0.0	resp_hold	2	5913701
2889.125	0.0	resp_release	3	5916928
2894.15576171875	0.0	confidence	4	5927231
2896.2705078125	0.0	stimulus	1	5931562
2896.9970703125	0.0	resp_hold	2	5933050
2898.86865234375	0.0	resp_release	3	5936883
2903.8974609375	0.0	confidence	4	5947182
2922.5146484375	0.0	stimulus	1	5985310
2923.091796875	0.0	resp_hold	2	5986492
2924.099609375	0.0	resp_release	3	5988556
2929.13037109375	0.0	confidence	4	5998859
2931.2236328125	0.0	stimulus	1	6003146
2931.7314453125	0.0	resp_hold	2	6004186
2933.21923828125	0.0	resp_release	3	6007233
2938.24072265625	0.0	confidence	4	6017517
2940.3212890625	0.0	stimulus	1	6021778
2941.01953125	0.0	resp_hold	2	6023208
2943.22705078125	0.0	resp_release	3	6027729
2948.25537109375	0.0	confidence	4	6038027
2950.3427734375	0.0	stimulus	1	6042302
2951.21923828125	0.0	resp_hold	2	6044097
2953.37890625	0.0	resp_release	3	6048520
2958.41015625	0.0	confidence	4	6058824
2960.50048828125	0.0	stimulus	1	6063105
2961.11474609375	0.0	resp_hold	2	6064363
2963.7783203125	0.0	resp_release	3	6069818
2968.81787109375	0.0	confidence	4	6080139
2970.890625	0.0	stimulus	1	6084384
2971.5224609375	0.0	resp_hold	2	6085678
2972.6904296875	0.0	resp_release	3	6088070
2977.72119140625	0.0	confidence	4	6098373
2996.18408203125	0.0	stimulus	1	6136185
2996.71337890625	0.0	resp_hold	2	6137269
2999.361328125	0.0	resp_release	3	6142692
3004.40283203125	0.0	confidence	4	6153017
3006.4736328125	0.0	stimulus	1	6157258
3007.2333984375	0.0	resp_hold	2	6158814
3008.06494140625	0.0	resp_release	3	6160517
3013.09326171875	0.0	confidence	4	6170815
3015.177734375	0.0	stimulus	1	6175084
3016.09716796875	0.0	resp_hold	2	6176967
3019.3125	0.0	resp_release	3	6183552
3024.3369140625	0.0	confidence	4	6193842
3026.4365234375	0.0	stimulus	1	6198142
3027.1923828125	0.0	resp_hold	2	6199690
3028.6962890625	0.0	resp_release	3	6202770
3033.7333984375	0.0	confidence	4	6213086
3035.81298828125	0.0	stimulus	1	6217345
3036.80859375	0.0	resp_hold	2	6219384
3039.392578125	0.0	resp_release	3	6224676
3044.41162109375	0.0	confidence	4	6234955
3063.25	0.0	stimulus	1	6273536
3063.8388671875	0.0	resp_hold	2	6274742
3065.96728515625	0.0	resp_release	3	6279101
3071.00390625	0.0	confidence	4	6289416
3073.09375	0.0	stimulus	1	6293696
3073.8310546875	0.0	resp_hold	2	6295206
3075.01513671875	0.0	resp_release	3	6297631
3080.0400390625	0.0	confidence	4	6307922
3082.12744140625	0.0	stimulus	1	6312197
3083.19873046875	0.0	resp_hold	2	6314391
3084.5263671875	0.0	resp_release	3	6317110
3089.56494140625	0.0	confidence	4	6327429
3107.8896484375	0.0	stimulus	1	6364958
3108.509765625	0.0	resp_hold	2	6366228
3110.11767578125	0.0	resp_release	3	6369521
3115.14990234375	0.0	confidence	4	6379827
3117.2294921875	0.0	stimulus	1	6384086
3118.04541015625	0.0	resp_hold	2	6385757
3119.54931640625	0.0	resp_release	3	6388837
3124.58203125	0.0	confidence	4	6399144
3126.6796875	0.0	stimulus	1	6403440
3127.205078125	0.0	resp_hold	2	6404516
3128.2529296875	0.0	resp_release	3	6406662
3133.2822265625	0.0	confidence	4	6416962
3135.37060546875	0.0	stimulus	1	6421239
3136.30078125	0.0	resp_hold	2	6423144
3137.29296875	0.0	resp_release	3	6425176
3142.3310546875	0.0	confidence	4	6435494
3144.42138671875	0.0	stimulus	1	6439775
3145.56494140625	0.0	resp_hold	2	6442117
3146.49267578125	0.0	resp_release	3	6444017
3151.5205078125	0.0	confidence	4	6454314
3153.595703125	0.0	stimulus	1	6458564
3154.29248046875	0.0	resp_hold	2	6459991
3155.46826171875	0.0	resp_release	3	6462399
3160.498046875	0.0	confidence	4	6472700
3163.67138671875	0.0	stimulus	1	6479199
3167.76416015625	0.0	resp_hold	2	6487581
3168.7236328125	0.0	resp_release	3	6489546
3173.755859375	0.0	confidence	4	6499852
3175.8369140625	0.0	stimulus	1	6504114
3177.841796875	0.0	confidence	4	6508220
3177.9267578125	0.0	stimulus	1	6508394
3179.93505859375	0.0	confidence	4	6512507
3180.00244140625	0.0	stimulus	1	6512645
3182.0087890625	0.0	confidence	4	6516754
3198.947265625	0.0	stimulus	1	6551444
3203.458984375	0.0	resp_hold	2	6560684
3206.42724609375	0.0	resp_release	3	6566763
3211.458984375	0.0	confidence	4	6577068
3213.556640625	0.0	stimulus	1	6581364
3214.4267578125	0.0	resp_hold	2	6583146
3216.21826171875	0.0	resp_release	3	6586815
3221.251953125	0.0	confidence	4	6597124
3223.34033203125	0.0	stimulus	1	6601401
3224.0419921875	0.0	resp_hold	2	6602838
3225.6103515625	0.0	resp_release	3	6606050
3230.63916015625	0.0	confidence	4	6616349
3232.72314453125	0.0	stimulus	1	6620617
3233.4580078125	0.0	resp_hold	2	6622122
3235.53759765625	0.0	resp_release	3	6626381
3240.5693359375	0.0	confidence	4	6636686
3242.658203125	0.0	stimulus	1	6640964
3243.609375	0.0	resp_hold	2	6642912
3244.53759765625	0.0	resp_release	3	6644813
3249.56689453125	0.0	confidence	4	6655113
3251.6533203125	0.0	stimulus	1	6659386
3252.31298828125	0.0	resp_hold	2	6660737
3253.12109375	0.0	resp_release	3	6662392
3258.150390625	0.0	confidence	4	6672692
3277.80126953125	0.0	stimulus	1	6712937
3278.49658203125	0.0	resp_hold	2	6714361
3279.33642578125	0.0	resp_release	3	6716081
3284.365234375	0.0	confidence	4	6726380
3286.4404296875	0.0	stimulus	1	6730630
3287.4560546875	0.0	resp_hold	2	6732710
3288.423828125	0.0	resp_release	3	6734692
3293.4638671875	0.0	confidence	4	6745014
3295.5771484375	0.0	stimulus	1	6749342
3296.16015625	0.0	resp_hold	2	6750536
3296.98388671875	0.0	resp_release	3	6752223
3302.01220703125	0.0	confidence	4	6762521
3304.1025390625	0.0	stimulus	1	6766802
3305.05810546875	0.0	resp_hold	2	6768759
3308.7353515625	0.0	resp_release	3	6776290
3313.7734375	0.0	confidence	4	6786608
3340.53125	0.0	stimulus	1	6841408
3341.0625	0.0	resp_hold	2	6842496
3343.486328125	0.0	resp_release	3	6847460
3348.515625	0.0	confidence	4	6857760
3350.6044921875	0.0	stimulus	1	6862038
3351.1982421875	0.0	resp_hold	2	6863254
3352.158203125	0.0	resp_release	3	6865220
3357.197265625	0.0	confidence	4	6875540
3359.3125	0.0	stimulus	1	6879872
3359.99755859375	0.0	resp_hold	2	6881275
3360.7978515625	0.0	resp_release	3	6882914
3365.8349609375	0.0	confidence	4	6893230
3367.9443359375	0.0	stimulus	1	6897550
3368.45361328125	0.0	resp_hold	2	6898593
3369.54931640625	0.0	resp_release	3	6900837
3374.57568359375	0.0	confidence	4	6911131
3376.65869140625	0.0	stimulus	1	6915397
3377.24560546875	0.0	resp_hold	2	6916599
3378.18115234375	0.0	resp_release	3	6918515
3383.21240234375	0.0	confidence	4	6928819
3385.2939453125	0.0	stimulus	1	6933082
3387.2998046875	0.0	confidence	4	6937190
3387.3759765625	0.0	stimulus	1	6937346
3389.3857421875	0.0	confidence	4	6941462
3389.453125	0.0	stimulus	1	6941600
3391.46142578125	0.0	confidence	4	6945713
3391.52734375	0.0	stimulus	1	6945848
3393.53564453125	0.0	confidence	4	6949961
3409.8994140625	0.0	stimulus	1	6983474
3410.38037109375	0.0	resp_hold	2	6984459
3413.18017578125	0.0	resp_release	3	6990193
3418.21044921875	0.0	confidence	4	7000495
3420.35107421875	0.0	stimulus	1	7004879
3420.931640625	0.0	resp_hold	2	7006068
3422.755859375	0.0	resp_release	3	7009804
3427.7841796875	0.0	confidence	4	7020102
3429.87255859375	0.0	stimulus	1	7024379
3430.36376953125	0.0	resp_hold	2	7025385
3431.8671875	0.0	resp_release	3	7028464
3436.89892578125	0.0	confidence	4	7038769
3438.990234375	0.0	stimulus	1	7043052
3439.58251953125	0.0	resp_hold	2	7044265
3444.32275390625	0.0	resp_release	3	7053973
3449.35791015625	0.0	confidence	4	7064285
3451.4609375	0.0	stimulus	1	7068592
3452.40283203125	0.0	resp_hold	2	7070521
3453.20263671875	0.0	resp_release	3	7072159
3458.2451171875	0.0	confidence	4	7082486
3460.35400390625	0.0	stimulus	1	7086805
3460.92236328125	0.0	resp_hold	2	7087969
3462.875	0.0	resp_release	3	7091968
3467.90673828125	0.0	confidence	4	7102273
3470.39990234375	0.0	stimulus	1	7107379
3472.404296875	0.0	confidence	4	7111484
3490.6123046875	0.0	stimulus	1	7148774
3491.32177734375	0.0	resp_hold	2	7150227
3493.265625	0.0	resp_release	3	7154208
3498.3037109375	0.0	confidence	4	7164526
3500.38037109375	0.0	stimulus	1	7168779
3500.9853515625	0.0	resp_hold	2	7170018
3502.04931640625	0.0	resp_release	3	7172197
3507.07666015625	0.0	confidence	4	7182493
3509.18359375	0.0	stimulus	1	7186808
3509.92919921875	0.0	resp_hold	2	7188335
3511.03271484375	0.0	resp_release	3	7190595
3516.0556640625	0.0	confidence	4	7200882
3518.14404296875	0.0	stimulus	1	7205159
3518.82470703125	0.0	resp_hold	2	7206553
3520.24072265625	0.0	resp_release	3	7209453
3525.27099609375	0.0	confidence	4	7219755
3527.35595703125	0.0	stimulus	1	7224025
3528.34423828125	0.0	resp_hold	2	7226049
3529.8642578125	0.0	resp_release	3	7229162
3534.89990234375	0.0	confidence	4	7239475
3536.994140625	0.0	stimulus	1	7243764
3537.65625	0.0	resp_hold	2	7245120
3538.6640625	0.0	resp_release	3	7247184
3543.69482421875	0.0	confidence	4	7257487
3545.783203125	0.0	stimulus	1	7261764
3546.34375	0.0	resp_hold	2	7262912
3547.31201171875	0.0	resp_release	3	7264895
3552.34033203125	0.0	confidence	4	7275193
3572.669921875	0.0	stimulus	1	7316828
3574.529296875	0.0	resp_hold	2	7320636
3575.51904296875	0.0	resp_release	3	7322663
3580.55517578125	0.0	confidence	4	7332977
3582.654296875	0.0	stimulus	1	7337276
3583.58251953125	0.0	resp_hold	2	7339177
3585.62255859375	0.0	resp_release	3	7343355
3590.65771484375	0.0	confidence	4	7353667
3592.73828125	0.0	stimulus	1	7357928
3593.57421875	0.0	resp_hold	2	7359640
3596.990234375	0.0	resp_release	3	7366636
3602.021484375	0.0	confidence	4	7376940
3604.1181640625	0.0	stimulus	1	7381234
3604.84619140625	0.0	resp_hold	2	7382725
3606.3896484375	0.0	resp_release	3	7385886
3611.41259765625	0.0	confidence	4	7396173
3613.5322265625	0.0	stimulus	1	7400514
3614.15771484375	0.0	resp_hold	2	7401795
3616.87744140625	0.0	resp_release	3	7407365
3621.9052734375	0.0	confidence	4	7417662
3623.99853515625	0.0	stimulus	1	7421949
3624.62158203125	0.0	resp_hold	2	7423225
3626.46142578125	0.0	resp_release	3	7426993
3631.490234375	0.0	confidence	4	7437292
3650.890625	0.0	stimulus	1	7477024
3651.54833984375	0.0	resp_hold	2	7478371
3655.33203125	0.0	resp_release	3	7486120
3660.37158203125	0.0	confidence	4	7496441
3662.4580078125	0.0	stimulus	1	7500714
3662.97265625	0.0	resp_hold	2	7501768
3664.419921875	0.0	resp_release	3	7504732
3669.45166015625	0.0	confidence	4	7515037
3671.57421875	0.0	stimulus	1	7519384
3672.1396484375	0.0	resp_hold	2	7520542
3674.33154296875	0.0	resp_release	3	7525031
3679.36279296875	0.0	confidence	4	7535335
3698.654296875	0.0	stimulus	1	7574844
3699.21875	0.0	resp_hold	2	7576000
3701.7626953125	0.0	resp_release	3	7581210
3706.80224609375	0.0	confidence	4	7591531
3708.884765625	0.0	stimulus	1	7595796
3709.45849609375	0.0	resp_hold	2	7596971
3712.1865234375	0.0	resp_release	3	7602558
3717.21044921875	0.0	confidence	4	7612847
3719.28369140625	0.0	stimulus	1	7617093
3719.9541015625	0.0	resp_hold	2	7618466
3721.4501953125	0.0	resp_release	3	7621530
3726.48828125	0.0	confidence	4	7631848
3745.6357421875	0.0	stimulus	1	7671062
3746.46533203125	0.0	resp_hold	2	7672761
3747.9375	0.0	resp_release	3	7675776
3752.962890625	0.0	confidence	4	7686068
3755.04541015625	0.0	stimulus	1	7690333
3756.00146484375	0.0	resp_hold	2	7692291
3757.56884765625	0.0	resp_release	3	7695501
3762.60009765625	0.0	confidence	4	7705805
3764.6875	0.0	stimulus	1	7710080
3765.2490234375	0.0	resp_hold	2	7711230
3766.3857421875	0.0	resp_release	3	7713558
3771.4228515625	0.0	confidence	4	7723874
3773.4970703125	0.0	stimulus	1	7728122
3774.91259765625	0.0	resp_hold	2	7731021
3777.34423828125	0.0	resp_release	3	7736001
3782.38330078125	0.0	confidence	4	7746321
3784.44580078125	0.0	stimulus	1	7750545
3785.1923828125	0.0	resp_hold	2	7752074
3788.47265625	0.0	resp_release	3	7758792
3793.5029296875	0.0	confidence	4	7769094
3795.5986328125	0.0	stimulus	1	7773386
3796.35986328125	0.0	resp_hold	2	7774945
3798.65576171875	0.0	resp_release	3	7779647
3803.68310546875	0.0	confidence	4	7789943
3805.8291015625	0.0	stimulus	1	7794338
3806.70361328125	0.0	resp_hold	2	7796129
3808.1435546875	0.0	resp_release	3	7799078
3813.17138671875	0.0	confidence	4	7809375
3831.966796875	0.0	stimulus	1	7847868
3832.791015625	0.0	resp_hold	2	7849556
3834.1103515625	0.0	resp_release	3	7852258
3839.1416015625	0.0	confidence	4	7862562
3841.23046875	0.0	stimulus	1	7866840
3842.2568359375	0.0	resp_hold	2	7868942
3844.21435546875	0.0	resp_release	3	7872951
3849.26123046875	0.0	confidence	4	7883287
3851.33642578125	0.0	stimulus	1	7887537
3852.0458984375	0.0	resp_hold	2	7888990
3853.2939453125	0.0	resp_release	3	7891546
3858.3232421875	0.0	confidence	4	7901846
3883.23193359375	0.0	stimulus	1	7952859
3883.89306640625	0.0	resp_hold	2	7954213
3885.10107421875	0.0	resp_release	3	7956687
3890.1279296875	0.0	confidence	4	7966982
3892.21484375	0.0	stimulus	1	7971256
3892.89306640625	0.0	resp_hold	2	7972645
3896.04443359375	0.0	resp_release	3	7979099
3901.0888671875	0.0	confidence	4	7989430
3903.18701171875	0.0	stimulus	1	7993727
3903.71630859375	0.0	resp_hold	2	7994811
3906.8603515625	0.0	resp_release	3	8001250
3911.8955078125	0.0	confidence	4	8011562
3913.99755859375	0.0	stimulus	1	8015867
3914.5400390625	0.0	resp_hold	2	8016978
3916.64404296875	0.0	resp_release	3	8021287
3921.673828125	0.0	confidence	4	8031588
3923.75048828125	0.0	stimulus	1	8035841
3924.35595703125	0.0	resp_hold	2	8037081
3927.01171875	0.0	resp_release	3	8042520
3932.0390625	0.0	confidence	4	8052816
3934.130859375	0.0	stimulus	1	8057100
3936.13427734375	0.0	confidence	4	8061203
3936.208984375	0.0	stimulus	1	8061356
3938.21630859375	0.0	confidence	4	8065467
3938.28173828125	0.0	stimulus	1	8065601
3940.2890625	0.0	confidence	4	8069712
3940.35791015625	0.0	stimulus	1	8069853
3942.3642578125	0.0	confidence	4	8073962
3958.8056640625	0.0	stimulus	1	8107634
3959.3466796875	0.0	resp_hold	2	8108742
3961.08251953125	0.0	resp_release	3	8112297
3966.1064453125	0.0	confidence	4	8122586
3968.44775390625	0.0	stimulus	1	8127381
3969.29833984375	0.0	resp_hold	2	8129123
3970.4580078125	0.0	resp_release	3	8131498
3975.48779296875	0.0	confidence	4	8141799
3977.59130859375	0.0	stimulus	1	8146107
3978.2099609375	0.0	resp_hold	2	8147374
3983.5615234375	0.0	resp_release	3	8158334
3988.59228515625	0.0	confidence	4	8168637
4007.86181640625	0.0	stimulus	1	8208101
4008.537109375	0.0	resp_hold	2	8209484
4010.15283203125	0.0	resp_release	3	8212793
4015.1748046875	0.0	confidence	4	8223078
4017.2529296875	0.0	stimulus	1	8227334
4018.32080078125	0.0	resp_hold	2	8229521
4019.57666015625	0.0	resp_release	3	8232093
4024.6123046875	0.0	confidence	4	8242406
4026.72998046875	0.0	stimulus	1	8246743
4027.42431640625	0.0	resp_hold	2	8248165
4031.65625	0.0	resp_release	3	8256832
4036.6884765625	0.0	confidence	4	8267138
4038.77392578125	0.0	stimulus	1	8271409
4039.31201171875	0.0	resp_hold	2	8272511
4043.51171875	0.0	resp_release	3	8281112
4048.5390625	0.0	confidence	4	8291408
4050.6318359375	0.0	stimulus	1	8295694
4054.9833984375	0.0	resp_hold	2	8304606
4058.00732421875	0.0	resp_release	3	8310799
4063.03759765625	0.0	confidence	4	8321101
4065.11572265625	0.0	stimulus	1	8325357
4065.77490234375	0.0	resp_hold	2	8326707
4068.87060546875	0.0	resp_release	3	8333047
4073.90380859375	0.0	confidence	4	8343355
4092.65625	0.0	stimulus	1	8381760
4093.43017578125	0.0	resp_hold	2	8383345
4096.4140625	0.0	resp_release	3	8389456
4101.4482421875	0.0	confidence	4	8399766
4103.56494140625	0.0	stimulus	1	8404101
4104.14990234375	0.0	resp_hold	2	8405299
4105.9658203125	0.0	resp_release	3	8409018
4111.00390625	0.0	confidence	4	8419336
4113.0859375	0.0	stimulus	1	8423600
4115.013671875	0.0	resp_hold	2	8427548
4118.08544921875	0.0	resp_release	3	8433839
4123.1201171875	0.0	confidence	4	8444150
4125.1953125	0.0	stimulus	1	8448400
4125.77294921875	0.0	resp_hold	2	8449583
4126.7890625	0.0	resp_release	3	8451664
4131.82373046875	0.0	confidence	4	8461975
4133.90234375	0.0	stimulus	1	8466232
4134.62109375	0.0	resp_hold	2	8467704
4138.140625	0.0	resp_release	3	8474912
4143.17138671875	0.0	confidence	4	8485215
4145.25048828125	0.0	stimulus	1	8489473
4145.8125	0.0	resp_hold	2	8490624
4147.50048828125	0.0	resp_release	3	8494081
4152.54052734375	0.0	confidence	4	8504403
4171.3359375	0.0	stimulus	1	8542896
4171.9638671875	0.0	resp_hold	2	8544182
4172.89990234375	0.0	resp_release	3	8546099
4177.92919921875	0.0	confidence	4	8556399
4180.0029296875	0.0	stimulus	1	8560646
4180.57958984375	0.0	resp_hold	2	8561827
4181.70703125	0.0	resp_release	3	8564136
4186.7451171875	0.0	confidence	4	8574454
4188.83056640625	0.0	stimulus	1	8578725
4189.53125	0.0	resp_hold	2	8580160
4191.1708984375	0.0	resp_release	3	8583518
4196.201171875	0.0	confidence	4	8593820
4198.30810546875	0.0	stimulus	1	8598135
4199.123046875	0.0	resp_hold	2	8599804
4201.45068359375	0.0	resp_release	3	8604571
4206.49072265625	0.0	confidence	4	8614893
4208.58154296875	0.0	stimulus	1	8619175
4209.37841796875	0.0	resp_hold	2	8620807
4211.08251953125	0.0	resp_release	3	8624297
4216.11962890625	0.0	confidence	4	8634613
4218.2080078125	0.0	stimulus	1	8638890
4219.37060546875	0.0	resp_hold	2	8641271
4220.8818359375	0.0	resp_release	3	8644366
4225.916015625	0.0	confidence	4	8654676
4245.904296875	0.0	stimulus	1	8695612
4246.9130859375	0.0	resp_hold	2	8697678
4248.9609375	0.0	resp_release	3	8701872
4253.99169921875	0.0	confidence	4	8712175
4256.099609375	0.0	stimulus	1	8716492
4256.5849609375	0.0	resp_hold	2	8717486
4258.10498046875	0.0	resp_release	3	8720599
4263.138671875	0.0	confidence	4	8730908
4265.228515625	0.0	stimulus	1	8735188
4266.03271484375	0.0	resp_hold	2	8736835
4268.888671875	0.0	resp_release	3	8742684
4273.9208984375	0.0	confidence	4	8752990
4276.0009765625	0.0	stimulus	1	8757250
4276.66455078125	0.0	resp_hold	2	8758609
4277.56005859375	0.0	resp_release	3	8760443
4282.58544921875	0.0	confidence	4	8770735
4285.56298828125	0.0	stimulus	1	8776833
4287.58203125	0.0	confidence	4	8780968
4304.45556640625	0.0	stimulus	1	8815525
4305.12744140625	0.0	resp_hold	2	8816901
4306.32763671875	0.0	resp_release	3	8819359
4311.3564453125	0.0	confidence	4	8829658
4313.43896484375	0.0	stimulus	1	8833923
4314.294921875	0.0	resp_hold	2	8835676
4316.39892578125	0.0	resp_release	3	8839985
4321.43701171875	0.0	confidence	4	8850303
4323.5166015625	0.0	stimulus	1	8854562
4324.19873046875	0.0	resp_hold	2	8855959
4324.87890625	0.0	resp_release	3	8857352
4329.91015625	0.0	confidence	4	8867656
4332.0	0.0	stimulus	1	8871936
4333.51025390625	0.0	resp_hold	2	8875029
4335.34228515625	0.0	resp_release	3	8878781
4340.373046875	0.0	confidence	4	8889084
4342.48095703125	0.0	stimulus	1	8893401
4343.12841796875	0.0	resp_hold	2	8894727
4346.82177734375	0.0	resp_release	3	8902291
4351.8603515625	0.0	confidence	4	8912610
4353.94677734375	0.0	stimulus	1	8916883
4355.9658203125	0.0	resp_hold	2	8921018
4357.07763671875	0.0	resp_release	3	8923295
4362.11474609375	0.0	confidence	4	8933611
4382.11376953125	0.0	stimulus	1	8974569
4383.13330078125	0.0	resp_hold	2	8976657
4386.876953125	0.0	resp_release	3	8984324
4391.9052734375	0.0	confidence	4	8994622
4393.984375	0.0	stimulus	1	8998880
4394.48486328125	0.0	resp_hold	2	8999905
4395.900390625	0.0	resp_release	3	9002804
4400.93505859375	0.0	confidence	4	9013115
4403.0224609375	0.0	stimulus	1	9017390
4403.67626953125	0.0	resp_hold	2	9018729
4405.076171875	0.0	resp_release	3	9021596
4410.11572265625	0.0	confidence	4	9031917
4412.19580078125	0.0	stimulus	1	9036177
4412.7802734375	0.0	resp_hold	2	9037374
4414.8759765625	0.0	resp_release	3	9041666
4419.908203125	0.0	confidence	4	9051972
4443.10546875	0.0	stimulus	1	9099480
4443.69921875	0.0	resp_hold	2	9100696
4445.44287109375	0.0	resp_release	3	9104267
4450.47265625	0.0	confidence	4	9114568
4452.5703125	0.0	stimulus	1	9118864
4453.212890625	0.0	resp_hold	2	9120180
4454.29833984375	0.0	resp_release	3	9122403
4459.33984375	0.0	confidence	4	9132728
4461.43212890625	0.0	stimulus	1	9137013
4461.92236328125	0.0	resp_hold	2	9138017
4464.13818359375	0.0	resp_release	3	9142555
4469.1767578125	0.0	confidence	4	9152874
4471.265625	0.0	stimulus	1	9157152
4471.986328125	0.0	resp_hold	2	9158628
4473.03369140625	0.0	resp_release	3	9160773
4478.0732421875	0.0	confidence	4	9171094
4497.91162109375	0.0	stimulus	1	9211723
4498.72900390625	0.0	resp_hold	2	9213397
4500.80908203125	0.0	resp_release	3	9217657
4505.83935546875	0.0	confidence	4	9227959
4507.916015625	0.0	stimulus	1	9232212
4508.65673828125	0.0	resp_hold	2	9233729
4511.6005859375	0.0	resp_release	3	9239758
4516.6298828125	0.0	confidence	4	9250058
4518.71484375	0.0	stimulus	1	9254328
4519.232421875	0.0	resp_hold	2	9255388
4523.16015625	0.0	resp_release	3	9263432
4528.20703125	0.0	confidence	4	9273768
4530.28857421875	0.0	stimulus	1	9278031
4530.97607421875	0.0	resp_hold	2	9279439
4532.05615234375	0.0	resp_release	3	9281651
4537.083984375	0.0	confidence	4	9291948
4539.1591796875	0.0	stimulus	1	9296198
4540.8798828125	0.0	resp_hold	2	9299722
4543.87158203125	0.0	resp_release	3	9305849
4548.90966796875	0.0	confidence	4	9316167
4550.98388671875	0.0	stimulus	1	9320415
4551.59130859375	0.0	resp_hold	2	9321659
4554.1513671875	0.0	resp_release	3	9326902
4559.181640625	0.0	confidence	4	9337204
4561.2568359375	0.0	stimulus	1	9341454
4562.04736328125	0.0	resp_hold	2	9343073
4563.28662109375	0.0	resp_release	3	9345611
4568.31298828125	0.0	confidence	4	9355905
4571.345703125	0.0	stimulus	1	9362116
4573.3515625	0.0	confidence	4	9366224
4598.4697265625	0.0	stimulus	1	9417666
4599.63818359375	0.0	resp_hold	2	9420059
4602.06201171875	0.0	resp_release	3	9425023
4607.10693359375	0.0	confidence	4	9435355
4609.21337890625	0.0	stimulus	1	9439669
4609.82958984375	0.0	resp_hold	2	9440931
4611.34130859375	0.0	resp_release	3	9444027
4616.37060546875	0.0	confidence	4	9454327
4618.4580078125	0.0	stimulus	1	9458602
4619.03759765625	0.0	resp_hold	2	9459789
4624.125	0.0	resp_release	3	9470208
4629.1552734375	0.0	confidence	4	9480510
4631.2607421875	0.0	stimulus	1	9484822
4631.81298828125	0.0	resp_hold	2	9485953
4633.0927734375	0.0	resp_release	3	9488574
4638.123046875	0.0	confidence	4	9498876
4657.078125	0.0	stimulus	1	9537696
4657.6279296875	0.0	resp_hold	2	9538822
4659.6357421875	0.0	resp_release	3	9542934
4664.66552734375	0.0	confidence	4	9553235
4666.75537109375	0.0	stimulus	1	9557515
4667.36376953125	0.0	resp_hold	2	9558761
4668.53173828125	0.0	resp_release	3	9561153
4673.56103515625	0.0	confidence	4	9571453
4675.64892578125	0.0	stimulus	1	9575729
4676.13916015625	0.0	resp_hold	2	9576733
4676.99560546875	0.0	resp_release	3	9578487
4682.0224609375	0.0	confidence	4	9588782
4684.119140625	0.0	stimulus	1	9593076
4684.73095703125	0.0	resp_hold	2	9594329
4687.98681640625	0.0	resp_release	3	9600997
4693.01953125	0.0	confidence	4	9611304
4695.111328125	0.0	stimulus	1	9615588
4695.72314453125	0.0	resp_hold	2	9616841
4697.130859375	0.0	resp_release	3	9619724
4702.16455078125	0.0	confidence	4	9630033
4704.25634765625	0.0	stimulus	1	9634317
4704.802734375	0.0	resp_hold	2	9635436
4706.7861328125	0.0	resp_release	3	9639498
4716.27197265625	0.0	confidence	4	9658925
4718.3603515625	0.0	stimulus	1	9663202
4719.44189453125	0.0	resp_hold	2	9665417
4721.8818359375	0.0	resp_release	3	9670414
4726.91455078125	0.0	confidence	4	9680721
4745.8173828125	0.0	stimulus	1	9719434
4746.46533203125	0.0	resp_hold	2	9720761
4748.77685546875	0.0	resp_release	3	9725495
4753.8056640625	0.0	confidence	4	9735794
4755.89697265625	0.0	stimulus	1	9740077
4756.56884765625	0.0	resp_hold	2	9741453
4757.6806640625	0.0	resp_release	3	9743730
4762.7138671875	0.0	confidence	4	9754038
4764.802734375	0.0	stimulus	1	9758316
4765.29638671875	0.0	resp_hold	2	9759327
4768.96044921875	0.0	resp_release	3	9766831
4773.98193359375	0.0	confidence	4	9777115
4794.5634765625	0.0	stimulus	1	9819266
4795.16748046875	0.0	resp_hold	2	9820503
4796.12744140625	0.0	resp_release	3	9822469
4801.16455078125	0.0	confidence	4	9832785
4803.2578125	0.0	stimulus	1	9837072
4803.9833984375	0.0	resp_hold	2	9838558
4805.52734375	0.0	resp_release	3	9841720
4810.56689453125	0.0	confidence	4	9852041
4812.65869140625	0.0	stimulus	1	9856325
4813.19873046875	0.0	resp_hold	2	9857431
4814.0791015625	0.0	resp_release	3	9859234
4819.10986328125	0.0	confidence	4	9869537
4821.20263671875	0.0	stimulus	1	9873823
4821.78271484375	0.0	resp_hold	2	9875011
4824.974609375	0.0	resp_release	3	9881548
4830.00537109375	0.0	confidence	4	9891851
4832.107421875	0.0	stimulus	1	9896156
4832.67822265625	0.0	resp_hold	2	9897325
4833.904296875	0.0	resp_release	3	9899836
4838.943359375	0.0	confidence	4	9910156
4858.2099609375	0.0	stimulus	1	9949614
4858.79736328125	0.0	resp_hold	2	9950817
4860.5654296875	0.0	resp_release	3	9954438
4865.59619140625	0.0	confidence	4	9964741
4867.67919921875	0.0	stimulus	1	9969007
4868.13525390625	0.0	resp_hold	2	9969941
4870.35693359375	0.0	resp_release	3	9974491
4875.3876953125	0.0	confidence	4	9984794
4877.50341796875	0.0	stimulus	1	9989127
4877.97265625	0.0	resp_hold	2	9990088
4879.86865234375	0.0	resp_release	3	9993971
4884.90771484375	0.0	confidence	4	10004291
4886.998046875	0.0	stimulus	1	10008572
4887.5595703125	0.0	resp_hold	2	10009722
4889.4765625	0.0	resp_release	3	10013648
4894.50244140625	0.0	confidence	4	10023941
4913.4609375	0.0	stimulus	1	10062768
4913.98779296875	0.0	resp_hold	2	10063847
4915.99560546875	0.0	resp_release	3	10067959
4921.033203125	0.0	confidence	4	10078276
4923.14208984375	0.0	stimulus	1	10082595
4923.79541015625	0.0	resp_hold	2	10083933
4926.0673828125	0.0	resp_release	3	10088586
4931.10498046875	0.0	confidence	4	10098903
4933.1982421875	0.0	stimulus	1	10103190
4934.01123046875	0.0	resp_hold	2	10104855
4935.70703125	0.0	resp_release	3	10108328
4940.7353515625	0.0	confidence	4	10118626
4942.830078125	0.0	stimulus	1	10122916
4943.45068359375	0.0	resp_hold	2	10124187
4948.16259765625	0.0	resp_release	3	10133837
4953.19287109375	0.0	confidence	4	10144139
4955.2841796875	0.0	stimulus	1	10148422
4956.13037109375	0.0	resp_hold	2	10150155
4959.490234375	0.0	resp_release	3	10157036
4964.52294921875	0.0	confidence	4	10167343
4966.61279296875	0.0	stimulus	1	10171623
4968.13818359375	0.0	resp_hold	2	10174747
4969.08984375	0.0	resp_release	3	10176696
4974.12255859375	0.0	confidence	4	10187003
4976.67431640625	0.0	stimulus	1	10192229
4978.68017578125	0.0	confidence	4	10196337
4978.74951171875	0.0	stimulus	1	10196479
4980.76611328125	0.0	confidence	4	10200609
4980.8330078125	0.0	stimulus	1	10200746
4982.84130859375	0.0	confidence	4	10204859
4982.90771484375	0.0	stimulus	1	10204995
4984.9150390625	0.0	confidence	4	10209106
